{
    "version": "0.2.0",
    "configurations": [
      {
        "name": "Attach to Chrome",
        "port": 5500,
        "url": "http://127.0.0.1:5500/build/index.html",
        "request": "attach",
        "type": "chrome",
        "webRoot": "${workspaceFolder}"
      },
      {
        "type": "node",
        "request": "launch",
        "name": "Debugger",
        "program": "${workspaceFolder}/debug.ts",
        "preLaunchTask": "tsc: build - tsconfig.json",
        "outFiles": ["${workspaceFolder}/dist/**/*.js"],
      }
    ]
  }